scorer,vicko,vicko,vicko,vicko,vicko,vicko,vicko,vicko,vicko,vicko,vicko,vicko
bodyparts,finger,finger,thumb,thumb,wristlow,wristlow,wristhigh,wristhigh,knuckle1,knuckle1,knuckle2,knuckle2
coords,x,y,x,y,x,y,x,y,x,y,x,y
labeled-data\OC12_R_10s_lowfps\img000.png,966.0812443370585,312.3118393234671,971.5176683781337,741.7893385684082,1354.7855632739356,779.8443068559347,1449.9229839927516,660.2429779522802,1227.0295983086683,491.71383267894873,1126.455753548777,415.603896103896
labeled-data\OC12_R_10s_lowfps\img001.png,963.308869212306,306.7623958960552,970.9712004893677,740.4503461777416,1360.2176293640969,781.8269350738743,1450.6331384334237,659.2296346408887,1246.815126463585,504.4505428442444,1128.8152247968367,424.7622975628037
labeled-data\OC12_R_10s_lowfps\img002.png,960.9971370246494,309.9376112463319,970.6024165898231,735.7716719690302,1353.21271926924,782.1971898673695,1452.4672747760344,660.53031537517,1252.3572838349169,506.84584233239167,1132.2912892702461,418.7974463182999
labeled-data\OC12_R_10s_lowfps\img003.png,958.0521747292487,303.7779178636397,966.672297415943,743.404174885049,1347.681720167831,781.3327147065038,1444.2270942588073,658.9269725554448,1252.860370614194,507.21281326962526,1108.0423094777295,414.1154882533267
labeled-data\OC12_R_10s_lowfps\img004.png,959.0914639257902,312.62271104956505,968.7377916942339,741.8842967453062,1349.7677385477568,791.7236568822649,1457.4850652953774,672.7522810714602,1242.0504118001363,508.7647090079187,1113.4327082208881,412.30143132348246
labeled-data\OC12_R_10s_lowfps\img005.png,953.3013377791885,305.7222344251942,962.4961353116626,744.0075834731177,1350.2100979309794,786.9166386246627,1445.223005766543,667.3842707025017,1235.2751287750555,503.4103813733835,1114.210294597482,419.12473732570595
labeled-data\OC12_R_10s_lowfps\img006.png,959.2207041937859,308.4401727910433,969.9958575521537,740.9856147483822,1347.1262250950292,787.1648434271016,1444.10260532034,662.4809259945591,1245.5319220018464,513.1680866000329,1133.1624655502958,430.0454749783379
labeled-data\OC12_R_10s_lowfps\img007.png,958.708600492524,307.41834618430926,965.1394856714865,738.287653174791,1354.2080389987125,789.7347346064903,1447.4558740936675,656.2938671430202,1243.275269661611,508.38350802688467,1124.3038938508062,419.95883681615146
labeled-data\OC12_R_10s_lowfps\img008.png,957.5430846502437,305.36155754579545,965.2396227633636,742.5249223710061,1354.684451287231,790.2434586723496,1450.121523889918,664.0202336171831,1251.5508405714243,513.1680866000329,1123.7883078936336,423.8882444878419
labeled-data\OC12_R_10s_lowfps\img009.png,961.6975767238812,305.82184473179575,968.2105583093835,734.0503839785758,1344.3352448721448,787.7824820589703,1450.1711956365582,655.8946049525475,1235.2428033149802,502.8395376932421,1131.0350979469424,421.4272678744625
labeled-data\OC12_R_10s_lowfps\img010.png,959.1236901860407,304.47929483017924,966.6491941188691,737.9483213610927,1350.4498946931153,793.6370504640224,1452.796748179581,668.7136851790717,1251.113242779781,507.6679010165449,1118.6643735620019,420.37205539573597
labeled-data\OC12_R_10s_lowfps\img011.png,963.7536264947364,299.25933164768117,965.2313618124555,726.3248384684788,1343.5316031485254,788.3897218126777,1439.5843988002619,658.3490138534037,1259.300690038541,504.6645408106254,1136.648658667862,421.91136301836013
labeled-data\OC12_R_10s_lowfps\img012.png,951.4083896233428,326.3979407575911,961.4241512212161,695.7291496791719,1340.7711217406702,789.6269146592348,1454.70040991648,665.6818648855517,1260.6450289576833,494.16194752197015,1137.9519493837345,414.0358547389831
labeled-data\OC12_R_10s_lowfps\img013.png,918.5253718032234,504.64976345744805,972.1548493754428,605.0331445541667,1337.935388714171,779.6727253662661,1463.0708363826832,683.4146886981798,1256.8036149510694,441.39448221841985,1078.0386897103378,441.39448221841985
labeled-data\OC12_R_10s_lowfps\img014.png,957.8365006279009,525.5419306484218,996.1481570132089,548.8025791680732,1338.216517596316,777.3042440375887,1470.9390415025614,692.4712906129781,1298.5365877686754,429.7627896851519,1109.7148527268005,439.34070378147885
labeled-data\OC12_R_10s_lowfps\img015.png,978.1099892991897,504.7335017921187,1015.0123240388953,531.4558821208711,1340.7708651894,769.4123164769037,1484.5627212441145,698.1526356002308,1315.3209791620166,413.11391209353934,1132.0817997648578,415.65890069627767
labeled-data\OC12_R_10s_lowfps\img016.png,980.136272281307,409.9646939386671,1010.8403283272468,539.7591126783213,1351.3762226549416,768.6438941116899,1490.9401137728491,696.070670730378,1327.6503611648973,418.3385274057416,1139.2391081557219,383.4475546262647
labeled-data\OC12_R_10s_lowfps\img017.png,1087.9666149945806,221.17826035160408,1010.3170971422153,564.3891292590588,1350.4219853355753,766.2778756752085,1496.4030788980222,694.8403192510325,1336.4450721221497,437.0439199811796,1247.924621770453,337.65253713015204
labeled-data\OC12_R_10s_lowfps\img018.png,1147.510536617688,166.25248052011887,1015.7047559178056,558.2901872172063,1358.737749277757,764.4479467734332,1500.6824361853232,698.5450564234918,1348.5988430700736,455.2113074390927,1265.7977757073268,318.3360736353683
labeled-data\OC12_R_10s_lowfps\img019.png,1180.6604498554696,156.16529504855578,1011.0287498423068,555.8721743899164,1361.9908878005745,758.6502985435824,1506.275322294529,694.3072399178999,1358.091308489927,442.7843743811412,1274.2503533110075,300.44972954251034
labeled-data\OC12_R_10s_lowfps\img020.png,1039.230418479135,339.5998638932796,1030.405054776091,483.74747104300087,1348.1181480856808,751.4501700353405,1501.0911189384465,699.9688817675828,1368.710663392784,407.26098561661814,1215.7376925400185,354.3088033983531
labeled-data\OC12_R_10s_lowfps\img021.png,1018.3726120549818,446.0550952176926,1041.7700879188665,478.8115614271309,1338.1381155280706,761.1411035180042,1492.5614562297083,709.6666566174583,1370.8945817375088,405.4994703869594,1182.1549431021735,377.4224993502979
labeled-data\OC12_R_10s_lowfps\img022.png,1004.8029004386777,452.6457947347195,1036.1637277369368,486.6200243078337,1316.7305949864092,760.8168227121714,1479.8233162186652,695.579734219269,1357.5037752944731,407.4492600422832,1178.1017819389915,382.9853518574447
labeled-data\OC12_R_10s_lowfps\img023.png,1007.9627740229826,339.15544867921005,1012.2317871630597,511.33897866232286,1345.2148120890795,770.3257758270049,1494.6302719917805,710.5595918659245,1335.2537814288994,413.1516764405478,1168.7622689658895,354.80849685949306
labeled-data\OC12_R_10s_lowfps\img024.png,1103.7519478512681,184.10653335973768,985.4647087616298,586.2831462645083,1348.7755145369479,780.6121819117715,1497.4794722496363,713.0194738605495,1325.1180667190201,456.1671832659061,1216.9697338370652,314.22249635834
labeled-data\OC12_R_10s_lowfps\img025.png,1147.346408797597,171.67357989864,1004.8817779819445,604.6910761935835,1362.9178896370709,790.2700031771308,1507.257055068719,719.0376877693045,1316.0545242371854,462.22644537793116,1242.9476742133638,310.3891414823016
labeled-data\OC12_R_10s_lowfps\img026.png,1151.5289470561193,182.11815839334042,1024.6626334830564,622.8116686997689,1366.8678214103968,786.4024414650339,1502.0806029816872,709.6149358813382,1301.7653710242198,447.5358407369848,1231.6550398391062,325.67740796285875
labeled-data\OC12_R_10s_lowfps\img027.png,997.486998893797,331.4780663942827,996.009263576078,622.5919239849302,1361.0098870526767,785.1428089340227,1489.5728596942317,697.9564251886004,1307.8114156147917,443.78595054092847,1165.9488251137655,374.33239060813435
labeled-data\OC12_R_10s_lowfps\img028.png,985.6494256763447,486.576239557679,999.8726281093902,527.9528284538117,1334.7643944874635,785.2634906516364,1471.824345205903,714.1474784864085,1325.7132656664346,419.3392826014635,1138.2255972308335,405.1160801684179
labeled-data\OC12_R_10s_lowfps\img029.png,991.3073355602139,476.0156314750688,1004.853242639305,516.653352712342,1328.4499117509245,774.0255872150717,1472.9395872612288,706.2960518196165,1332.9652141106214,420.3269023721389,1144.8276157899124,393.23508821395683
labeled-data\OC12_R_10s_lowfps\img030.png,999.9268322618084,319.7229555965165,983.733316071804,587.8156125199209,1361.5820271719042,782.1378067999724,1483.93303838527,699.3709462732838,1302.2058011418885,442.0739668098822,1170.858392045187,371.9020633198636
labeled-data\OC12_R_10s_lowfps\img031.png,1075.4011476712762,203.6523194834566,989.5830373681863,639.7484310236482,1352.1207686485866,793.8707515679729,1474.7180690815721,699.2956912339555,1303.0818484753925,482.1233304669524,1212.009568153746,366.53159005870884
labeled-data\OC12_R_10s_lowfps\img032.png,1098.7295188849557,192.85089527499588,1002.7998678430292,635.4736711351131,1339.3951346568067,783.5755885331753,1468.9843123801109,697.743795495662,1302.3696553072912,477.27389573263775,1199.708098929089,327.48900200050684
labeled-data\OC12_R_10s_lowfps\img033.png,1022.0945586866621,280.04877251733376,989.1191687264507,596.6125161353644,1338.6583023046928,784.5722389085702,1460.6672451574755,697.1874555140096,1305.6829123444813,446.574491816402,1168.8350440096035,354.2433999278097
labeled-data\OC12_R_10s_lowfps\img034.png,992.3212980153376,460.1737615597442,998.5879903812202,510.30730048680437,1322.8893203156408,795.4418031344592,1457.6232061821152,723.3748409268101,1347.9560897791707,421.00693427297847,1152.1219533453418,397.506837900919
labeled-data\OC12_R_10s_lowfps\img035.png,1016.3747754777307,455.69321334548215,1019.8228245524084,497.06980224161475,1312.9069959000144,772.9137282158324,1478.4133514845453,738.4332374690551,1357.731633870825,424.66077167338267,1171.536983838228,381.5601582399112
labeled-data\OC12_R_10s_lowfps\img036.png,986.4711662369227,380.1267549817238,1005.5175325541902,551.5440518371304,1356.2881122305314,791.2108279960785,1483.2638876789808,711.8509683407976,1318.1953795959967,427.7426707748923,1156.3012658992238,365.84198024377326
labeled-data\OC12_R_10s_lowfps\img037.png,1068.8314237861205,204.50119632707947,994.6983686805494,622.823435851373,1349.477989542925,808.1560736153003,1474.7981541261515,716.372291103641,1300.0559528058775,479.8525438620575,1201.2118793317827,331.5864336509155
labeled-data\OC12_R_10s_lowfps\img038.png,1103.6670362221207,190.97581334962342,1004.6177217316763,641.041996736029,1348.6837615405889,814.8127239122474,1475.5363923792281,724.4519457806139,1300.0279579312476,493.3368786362434,1195.7655216255166,331.7301023623603
labeled-data\OC12_R_10s_lowfps\img039.png,1098.8999202387802,202.01942195737695,1013.1091754045369,642.6718840605356,1342.6236271542439,796.7052668311087,1467.4101650949615,710.9145219968655,1284.1299374945327,478.88955301334386,1202.2387719709368,342.40427714068414
labeled-data\OC12_R_10s_lowfps\img040.png,968.0779418266688,366.04640029605775,978.5452336605119,591.093174723684,1325.7104128163073,791.7162682056763,1461.7852066562673,723.6788712856962,1287.3303427588828,439.3174431329594,1135.554611168158,399.19282443656084
labeled-data\OC12_R_10s_lowfps\img041.png,981.6174043378468,478.74643161127597,989.1771151067335,515.0330433019319,1305.1730252461962,793.2303995969612,1451.8314141625974,731.2407712920906,1326.3402153990787,430.3642826904013,1137.3474461769122,412.2209768450732
labeled-data\OC12_R_10s_lowfps\img042.png,994.4991070191429,466.9779117337747,1000.6289720407922,503.75710186367036,1310.1871556340807,785.7308928595372,1454.2389836428388,725.9647088984568,1340.8364807423272,428.66625534846673,1155.4080638374364,393.4195314739834
labeled-data\OC12_R_10s_lowfps\img043.png,986.4507379144287,332.7702638332215,983.5773636855306,571.2603248317638,1335.5657067255477,789.6367662280194,1467.7409212548603,713.4923491622197,1296.7751546354234,443.39517164579837,1151.6697560760695,372.997503037795
labeled-data\OC12_R_10s_lowfps\img044.png,1067.7319989717882,210.17296340023586,976.8854837681266,625.4713186169747,1319.877428924808,794.1862754237748,1447.8041544156786,708.9017917631945,1277.235187094518,479.00448798249977,1188.2426824052168,345.515730948548
labeled-data\OC12_R_10s_lowfps\img045.png,1097.3505455443044,191.10662029071045,989.5990119606258,632.3748054429186,1319.6949799233241,801.6986439315566,1456.5223241565668,716.1815537857799,1283.7778020620979,471.60267596885825,1201.6813955221521,345.0373825531086
labeled-data\OC12_R_10s_lowfps\img046.png,1088.4007852612506,206.3015705225007,976.9540924192088,633.0608577469042,1324.885231048022,790.7171549380851,1444.4865599516766,690.1433101781938,1286.8302627604955,486.2774086378736,1199.8474781032924,350.36680761099353
labeled-data\OC12_R_10s_lowfps\img047.png,949.8233064127056,432.78393744582183,967.4740338187939,571.0479687935137,1310.192324287009,788.7402734686032,1454.3399314367302,715.1955759432351,1288.1289150293987,441.60930114886605,1114.56342886953,415.1332100397335
labeled-data\OC12_R_10s_lowfps\img048.png,969.65616998736,487.25572414914126,991.8700893236271,525.1500571345379,1296.3314543442275,791.7170891697416,1434.8417749115392,713.3150209240935,1314.625270268212,434.98767865204246,1117.3133985166642,416.69386272805787
labeled-data\OC12_R_10s_lowfps\img049.png,963.3904833024578,491.19689897243575,989.0934999166725,528.9954528168689,1309.625236517467,796.6092140354571,1448.7239146649817,722.5240485003677,1311.1371786712443,436.7669814364517,1119.120525141523,414.0878491297917
labeled-data\OC12_R_10s_lowfps\img050.png,953.6797680065015,378.444325957032,956.5805077042463,635.1597892074421,1326.4248191667018,796.1508424322757,1456.9581055652154,706.2279118021886,1253.906326723083,462.5657771916297,1113.2204513824627,400.19987369011756
labeled-data\OC12_R_10s_lowfps\img051.png,1015.5397592440784,256.57193679379407,957.5933789613,682.0639291559091,1318.516547579748,807.8903549127994,1424.4756429539714,705.2424812690206,1248.980891240414,503.2579557119075,1138.054963270524,375.77591908979514
labeled-data\OC12_R_10s_lowfps\img052.png,1033.593480806453,238.21572760083905,980.9149532766546,684.1018356209192,1315.7998782875165,806.3912745293801,1449.37757309522,727.3734832346822,1251.8330948584755,503.48974123303867,1146.4760397988784,373.6747983917495
labeled-data\OC12_R_10s_lowfps\img053.png,1051.3583290589995,237.45743045909842,1012.1162467329054,700.1869845542908,1324.4178185780706,801.5623638967005,1448.6844126107019,713.2676786629888,1249.203827453057,499.07131263305877,1162.5442289829325,381.3450656547766
labeled-data\OC12_R_10s_lowfps\img054.png,970.0184135398504,300.6820623730184,1007.4748990237005,714.2016621147249,1322.1093770880425,807.0937461146734,1446.4649088944252,720.1946997921409,1238.206849604218,502.94708398580957,1119.8443554752512,401.0654434697369
labeled-data\OC12_R_10s_lowfps\img055.png,923.853295181005,568.4312826623973,939.8620944562945,618.9205726844639,1293.2871246107607,813.4890561841353,1433.6719797940677,737.1393981019858,1248.9550650791898,457.6011338334706,1070.395380854808,464.9898104220657
labeled-data\OC12_R_10s_lowfps\img056.png,943.1044509843863,518.191565716212,953.9411766476592,568.7629521448187,1286.2674303213594,801.7525539051844,1418.1142592245121,715.0587485990018,1277.2368256019654,449.55896984881747,1093.0124893263273,435.110002297787
labeled-data\OC12_R_10s_lowfps\img057.png,928.7209553175717,423.5959812805597,966.6494951390266,573.9555498584702,1317.4884884874846,800.1721980792906,1451.5929685704857,724.3151184363808,1270.0778137106659,446.6240233150145,1098.0447938062098,400.56793924610497
labeled-data\OC12_R_10s_lowfps\img058.png,1007.6742940917683,256.5262364608204,967.6386131691214,616.847364764642,1327.959741472943,793.3683215599486,1453.5261952757899,713.2969597146548,1273.3656311238792,465.80365946556526,1171.4566251389601,371.17386819385456
labeled-data\OC12_R_10s_lowfps\img059.png,996.9471637105424,280.77559936990065,977.0045782885473,576.288456077647,1312.4026058402837,782.9661595419602,1450.1877414831592,701.3828555428892,1283.3952088628362,451.19405661240467,1152.8619224643228,369.6107526133337
labeled-data\OC12_R_10s_lowfps\img060.png,969.5709812828405,358.1038466180064,996.3891407525562,515.6605335025856,1316.5309194222862,793.8989380008849,1455.650121671436,735.234214160882,1309.8263795548573,431.85378515972434,1132.1560730679914,384.922006087722
labeled-data\OC12_R_10s_lowfps\img061.png,1000.9146983217036,315.9831906239335,992.7392645037673,517.0988625451654,1323.0267907483922,799.9688726457599,1457.1039053625468,726.3899682843337,1321.391703984805,433.70943760221553,1170.9637217347777,363.4007067679638
labeled-data\OC12_R_10s_lowfps\img062.png,969.3008191123356,475.70667533179005,1019.7901091344022,487.4875096702723,1304.213109592044,787.0572971345341,1457.3639559923126,729.836101776192,1353.0194232800418,435.31524331413686,1162.8430975302576,391.5578586283458
labeled-data\OC12_R_10s_lowfps\img063.png,1000.1373445515944,460.8034409979054,1018.0343611773027,495.1060561971793,1305.8780452407755,781.45832220851,1452.0370143507255,723.2930181749584,1341.6720784921918,430.9750799550584,1156.7362400265408,392.19821059935737
labeled-data\OC12_R_10s_lowfps\img064.png,965.3370096256215,418.71069778205595,994.7822541046153,530.97069235822,1316.8396155936107,786.7762537694792,1454.8641990888943,711.3228147920573,1300.2766655741766,437.1139755814271,1127.2858542600877,383.7444699632507
labeled-data\OC12_R_10s_lowfps\img065.png,1003.2943858098737,268.68498792407456,959.448063350331,616.4316832928612,1307.1947587191175,799.3766838999186,1435.7098417901911,710.1720968270558,1266.3723205671297,478.8449472991239,1160.5363698027163,368.4731700733786
labeled-data\OC12_R_10s_lowfps\img066.png,1030.4940746462491,239.1820023058142,948.5002886144783,629.9608974359558,1307.8773082430907,804.4157613333405,1433.4848102492076,704.9764889118312,1271.2417868246398,497.37520087394347,1175.2916116810784,370.0231502288527
labeled-data\OC12_R_10s_lowfps\img067.png,1046.312677071687,230.17164803336675,955.8013888613968,640.8247149133869,1302.7613270008424,800.0575367648232,1435.175989382563,721.2791933225336,1262.534087796269,481.5918930619505,1168.6705296522643,350.853365647087
labeled-data\OC12_R_10s_lowfps\img068.png,1004.836378669128,281.74926275146447,960.8327047637172,622.777735518399,1305.5281503561025,796.9589447273171,1424.7047671832572,708.9515969164953,1265.1914492761425,485.26625456398995,1160.6827237507916,380.75752903863906
labeled-data\OC12_R_10s_lowfps\img069.png,950.5830231381427,503.7146853869581,973.3647759529777,538.6467063697049,1293.8280988816557,799.8774719798122,1436.5937498546214,743.6824817032193,1296.8656659236337,449.0384786313542,1111.5740763629763,424.7379422955303
labeled-data\OC12_R_10s_lowfps\img070.png,955.0020161509174,506.60119504090267,963.2527050081819,549.2297541367694,1289.1549148701315,810.5015679501466,1430.7917402531727,740.3707126633981,1297.4056037273958,441.9707989923304,1111.7651044389436,422.7191916587131
labeled-data\OC12_R_10s_lowfps\img071.png,918.0065943482464,477.8337932252401,950.5167713380648,580.782687026332,1290.5190390232501,808.3539259550615,1435.4602447695243,747.3973440991518,1266.1364062808861,454.8057511907854,1076.4937071736115,435.8414812800579
labeled-data\OC12_R_10s_lowfps\img072.png,976.1820509707399,302.1885314330261,941.4142228010729,669.7341435123631,1297.370558823854,818.7391213823646,1409.9520976589665,714.4356368733636,1229.4905133497423,489.27255920313905,1116.9089745146302,384.96907469413804
labeled-data\OC12_R_10s_lowfps\img073.png,1010.4095069098267,252.93260309187815,948.5361818475543,666.0280380664616,1277.9206476202398,807.9727249740278,1407.126708779691,724.2617557721297,1219.6869299145717,491.32688494945717,1130.5165496777672,374.85944953812077
labeled-data\OC12_R_10s_lowfps\img074.png,1023.1545703844878,248.48954556993635,953.5915485763071,650.5977448025903,1292.9233622747493,813.4770153778427,1420.1727924116651,735.430698227201,1255.5968627679208,506.38172398075244,1138.5273870419583,368.9523394328834
labeled-data\OC12_R_10s_lowfps\img075.png,929.9867587618076,397.3448343253466,934.6662539345843,593.8836315819767,1280.9488967200755,802.9010826326785,1415.0944250063467,732.7086550410249,1263.7907477532267,470.65692536551813,1092.2092580847402,414.50298329219527
labeled-data\OC12_R_10s_lowfps\img076.png,952.4953802527677,501.7246684924298,974.764030526728,537.3545089307663,1273.1639441977957,810.5166189580123,1409.7449992114186,743.7106681361314,1292.4634411018947,455.7027912595786,1106.891355485559,430.46498761575697
labeled-data\OC12_R_10s_lowfps\img077.png,954.2970132597559,502.0620847233089,973.2407590688483,535.5779426932418,1270.5118471499918,808.0764401009566,1420.6046024066475,752.7024138897632,1299.6560714716725,455.4313258086197,1108.7614021646637,427.74431270302307
labeled-data\OC12_R_10s_lowfps\img078.png,917.3138340837099,449.73958194320517,952.081662253377,580.9091154924034,1285.5367415170012,805.319642769345,1415.1259192403056,737.364342255905,1253.9296249991223,468.70385185393263,1075.3494166731055,427.6146003806898
labeled-data\OC12_R_10s_lowfps\img079.png,991.8663299923442,302.45944957460824,925.6418953834548,661.7270073278339,1288.220674867125,828.9437047152801,1405.7690462979037,729.6070528019458,1238.5523489104578,506.0995859969436,1139.2156969971234,401.79610148794256
labeled-data\OC12_R_10s_lowfps\img080.png,1040.3908238201084,232.80530075516822,933.138710042881,654.7808303704891,1279.5102906021234,813.0216539762343,1409.6194122335141,725.1100853063758,1253.1368200011661,503.5729322583324,1161.708788584513,384.01319886732483
labeled-data\OC12_R_10s_lowfps\img081.png,1067.1537495116406,223.82887966409055,948.059229091026,661.6763812104676,1291.3316703033859,805.2903617176793,1429.691480792041,728.229201445517,1251.049700161119,500.54850064140084,1170.4857598765857,376.19981020222974
labeled-data\OC12_R_10s_lowfps\img082.png,956.5876124640956,340.0784859434075,934.2642312524421,656.0401892468119,1301.7414296596621,812.3038577283869,1421.944251568566,731.5962487324085,1245.0743850454646,486.0390554042192,1107.6997314352889,403.6142632381137
labeled-data\OC12_R_10s_lowfps\img083.png,919.8462995637672,531.7421249250069,941.9575983918592,569.0549416974122,1277.7729493435072,830.2446591042495,1420.1144355493498,772.2024996805079,1262.571431399194,464.02627226397505,1078.7712598906787,450.2067104964175
labeled-data\OC12_R_10s_lowfps\img084.png,923.3204758198262,530.7312445058117,937.0032102431505,570.069105972869,1279.0715708262576,826.6203764101994,1422.7402822711626,770.1790969139867,1260.2578109941867,457.1865469804436,1072.120212673478,443.5038125571193
labeled-data\OC12_R_10s_lowfps\img085.png,894.0627258506354,444.1176200233498,924.3562998638754,622.5131114346518,1289.5621643568238,816.0553898525737,1422.5172947482656,753.7852654920249,1234.0239453325505,477.77714670472744,1058.9944065893862,439.0686910211431
labeled-data\OC12_R_10s_lowfps\img086.png,984.0575284639647,276.6620220928727,925.2080877092469,659.183386998538,1271.3812686193514,813.2304525035345,1397.7344796515395,733.6106208942106,1229.840486910139,506.86718739809214,1127.7193985416582,392.63003769775764
labeled-data\OC12_R_10s_lowfps\img087.png,1014.8533204028454,244.76291602239985,928.3100251753197,651.5164035917722,1281.4066697036258,822.872128142274,1411.2216125449147,731.1362352010963,1236.404156185312,499.2002039913265,1130.8213360077305,371.1161270545879
labeled-data\OC12_R_10s_lowfps\img088.png,1005.4493685919765,247.07091966492612,930.0232950834013,627.5535571415162,1290.3923129577047,820.309078330097,1417.7785704388539,743.2068698546647,1253.5173436868458,493.4627597929382,1131.1594911062684,361.04809741121744
labeled-data\OC12_R_10s_lowfps\img089.png,934.4379438279971,393.2539703874611,926.5703715345855,591.51679218143,1277.4640958207367,811.8088163969509,1411.2128248087317,736.2801223802009,1249.1408355644555,468.7826644042111,1087.0688463201793,413.70965835033087
labeled-data\OC12_R_10s_lowfps\img090.png,933.8463365983685,518.0054805280547,952.7011446337094,548.4632473543745,1263.0802922923974,809.529820151402,1416.819496272869,757.3165055919965,1279.0343606299934,455.6395770265426,1089.0359104277125,442.5862483866913
labeled-data\OC12_R_10s_lowfps\img091.png,933.3870687760825,527.8633433706831,953.7059293947191,553.6005668209561,1257.1342479663583,810.9728013236859,1414.2667700838144,751.3708101756853,1269.3255643375403,461.488398683137,1091.8741816014476,438.46035664868225
labeled-data\OC12_R_10s_lowfps\img092.png,900.1656564095722,468.0957911361604,931.6222628487947,588.9553842973838,1275.9893228150202,814.1184619676083,1406.782581167577,736.304751302163,1232.943440319242,473.0626237318271,1049.1706342795737,428.3611303708267
labeled-data\OC12_R_10s_lowfps\img093.png,958.0154913182596,294.4107178774319,915.6811110124943,644.4834780981837,1272.2668528187485,812.1927539248694,1415.5524476998005,742.1782018807191,1233.1889633057344,493.05665623525385,1111.070558577565,380.70772388533817
labeled-data\OC12_R_10s_lowfps\img094.png,1002.9541167288672,249.8077402042794,922.246507732889,629.3052208023901,1275.9862407790915,813.0438200060003,1401.3406121983771,732.336211010022,1234.7738446960389,486.77901768183267,1135.1772208286616,368.29337894305604
labeled-data\OC12_R_10s_lowfps\img095.png,1024.9937624974677,234.88398176875955,925.1645321448937,642.9578532099829,1289.4536534314796,818.0968538285339,1417.3051238830217,741.0356935563715,1245.6689032768418,497.5924826965859,1144.0882829180823,360.9840622141162
labeled-data\OC12_R_10s_lowfps\img096.png,991.2455135454054,266.2220957278763,917.3997958627244,640.7253782614736,1293.6613097697189,820.064978347985,1416.737505907521,746.2192606653039,1237.3979058210093,480.726323282331,1128.3875606703848,378.74890362529516
labeled-data\OC12_R_10s_lowfps\img097.png,920.4627854252609,521.2463730035636,944.434936134925,560.2011179067678,1250.079857683143,805.9156626808253,1390.9162431024197,729.5044322937708,1269.5572301347452,459.81773681004915,1083.7730621348478,449.32992087457103
labeled-data\OC12_R_10s_lowfps\img098.png,937.5936989092402,510.47039868113023,952.7199618142251,550.3487281579089,1244.2443014375724,801.9947383044774,1401.0073897255986,755.2408347799783,1278.6221716761745,463.71649515663114,1090.2314427686342,433.46396934666114
labeled-data\OC12_R_10s_lowfps\img099.png,928.1778465401069,512.5490796947216,955.9811628883017,554.2540542170141,1273.9815936207815,821.8609740683904,1411.2604680899938,752.352683197903,1267.0307645337327,463.89327608538053,1075.8829646398924,432.61454519366123
labeled-data\OC12_R_10s_lowfps\img100.png,940.5813855428777,338.938987820633,921.6923706714784,639.4460425928926,1280.5836532280628,812.8815427757395,1405.9380246473484,737.3254832901429,1222.1994254437382,479.74800777106316,1100.2794203647072,392.17166609457604
labeled-data\OC12_R_10s_lowfps\img101.png,983.1876691471034,273.9438100723348,912.2905807326487,666.350950598852,1270.0735618009437,818.037744415825,1392.0825046537261,730.6529610212644,1225.5567853546581,517.9616957779001,1120.0355374819812,395.95275292511747
labeled-data\OC12_R_10s_lowfps\img102.png,1011.5812689203713,258.0242222254856,918.7712813269625,692.7657430577681,1278.6135139259682,824.6536201641909,1418.6426180142691,751.3825773272894,1226.5096612419493,525.0564672310823,1127.1866920630382,393.16859012465954
labeled-data\OC12_R_10s_lowfps\img103.png,967.7545538192572,297.70743590938775,914.0224557388627,712.9100119851632,1272.2364429414927,822.0024535423277,1389.4701114805353,729.1924659489191,1218.5043448610982,528.9182821947215,1109.4119033039337,427.96706761943494
labeled-data\OC12_R_10s_lowfps\img104.png,879.5386229842029,594.5885660594663,912.5482197804727,624.9573951120345,1246.6053393587233,825.6557436333551,1372.0418071845486,733.2288726037996,1214.9161264343043,483.6763208239997,1028.7420005033425,504.8024627736123
labeled-data\OC12_R_10s_lowfps\img105.png,894.3935983137767,575.158535868969,913.6930952178755,612.272952992236,1247.7228493272796,826.0519956222547,1357.58152401215,735.4928178414829,1222.4850456834579,478.6610513484744,1035.4283833821917,489.05308814298917
labeled-data\OC12_R_10s_lowfps\img106.png,891.8018592281973,578.3942289053969,912.4354227385703,614.899764346826,1264.7931996080174,835.5201741885068,1380.6585947047274,746.6371313745922,1214.0028894286377,484.74959451216546,1028.3008178352804,479.98800293284853
labeled-data\OC12_R_10s_lowfps\img107.png,893.8413939386036,408.0083365708201,895.3191292563226,691.7335175728724,1255.886546779764,817.3410195789894,1388.8827253744762,727.1991651981291,1184.955251529251,508.49433817571366,1054.914543569977,444.95171951379564
labeled-data\OC12_R_10s_lowfps\img108.png,949.3893242836339,305.32516147222907,897.0049755439369,700.7425035718775,1267.0750521243772,829.1686488691993,1375.2233850063324,734.5388575974885,1189.343437865472,513.1727387297367,1089.6441934899194,420.2327651593065
labeled-data\OC12_R_10s_lowfps\img109.png,981.833228949273,288.78875595757654,903.0138373037134,700.1875318636678,1268.2744327343553,827.0675281711538,1385.542308109456,732.8687430337777,1206.7568587670892,531.0142034536863,1112.5580736297131,417.5911764515397
labeled-data\OC12_R_10s_lowfps\img110.png,972.1906092018583,298.6384091595505,907.9775365531974,710.9539282720045,1271.2883423285152,830.9309850629235,1401.4043053271175,744.7502822976155,1215.5243581862574,541.9721581439496,1103.9963899017412,416.92564824918895
labeled-data\OC12_R_10s_lowfps\img111.png,881.6605003903687,584.7476698075229,916.3051839502258,612.1747109590765,1238.2120353605646,820.042812318219,1376.790769599993,752.1969736801656,1218.0026366173147,479.3700906462909,1031.787462483083,496.6924324262195
labeled-data\OC12_R_10s_lowfps\img112.png,909.1552471325323,550.6185516807366,933.0726669045032,582.0888408543825,1243.9991239401243,823.7806617079826,1382.468396304166,746.9931561242868,1242.7403123731783,473.83104609704077,1056.4362004651948,472.57223453009493
labeled-data\OC12_R_10s_lowfps\img113.png,905.9957669268422,553.6268376710489,932.8823400686745,585.8907254412476,1257.3136559801167,818.9076926704602,1384.5767688514559,741.8328496638744,1239.3892738855618,478.34443287391866,1047.5983854738254,471.1746800360968
labeled-data\OC12_R_10s_lowfps\img114.png,875.0750960915635,463.75289123019706,901.0586087614563,687.4998058876074,1270.6019000665985,827.5220686086965,1391.8582925260985,730.8056603374289,1185.4337196486167,495.5105178267327,1038.193814519224,447.87407793192926
labeled-data\OC12_R_10s_lowfps\img115.png,927.068765135955,332.0001995398768,905.1900727930595,712.3528510394453,1256.932126613457,820.0633364198541,1378.1064226664168,725.8166617119964,1198.0279549210459,525.5424779577988,1083.5855642043616,427.9298505818034
labeled-data\OC12_R_10s_lowfps\img116.png,958.793142687842,291.98586368293024,912.6139140091225,702.4678963826588,1264.9443254097228,825.6125061925774,1386.3785934167258,731.5437070322229,1205.082362307679,531.4337160911052,1105.8825377385779,416.8408152957643
labeled-data\OC12_R_10s_lowfps\img117.png,985.5666177676147,268.53748804699103,914.0743304057453,697.4912122182074,1267.773015248678,831.0689070259107,1399.4693340731742,737.0001078655561,1211.3317357524652,514.9977418471196,1109.7374326592826,403.9965588379014
labeled-data\OC12_R_10s_lowfps\img118.png,945.4638538187739,319.7823386639136,911.4075278391199,667.5153512982771,1253.7632258451167,814.4952844736265,1400.7431590204662,735.6280032575853,1217.914461656007,504.4034742378283,1103.1984162508563,414.7815637650542
labeled-data\OC12_R_10s_lowfps\img119.png,900.0389645508629,550.6918911372459,925.7419811650776,586.9785028279018,1258.3692549960908,824.3534209709431,1406.5395860662695,759.3399083585177,1241.7378913045402,475.0947834483791,1048.2092956210417,467.5350726794925
labeled-data\OC12_R_10s_lowfps\img120.png,908.5924660036501,551.2115613906437,927.8440733372674,589.7147760578783,1242.7453647228642,815.2336048231091,1388.5075345345379,743.7276347268164,1239.995135103776,464.5793283893661,1054.3546358153237,470.0797876275425
labeled-data\OC12_R_10s_lowfps\img121.png,891.1572929749834,550.1793359057481,926.9786916952463,595.7702070042645,1257.512507159491,815.5833355149692,1384.5156480767869,734.1710656961897,1233.0888262138571,473.6518022760953,1036.0711332524108,468.7670660869685
labeled-data\OC12_R_10s_lowfps\img122.png,904.4227860948029,391.3969496715275,899.7022427187558,687.2176679037985,1255.3165103809542,819.3928824331113,1382.77118153422,726.555529370856,1204.9640477031207,507.8370196140172,1060.2007175043498,433.8818400559495
labeled-data\OC12_R_10s_lowfps\img123.png,969.5687715212313,283.2250824863643,908.8584788849415,702.8403404136618,1271.3346378604367,826.0465225284853,1383.8272389217973,736.7666804162943,1221.3379262776098,522.495059347036,1108.8453252162492,406.43126460118776
labeled-data\OC12_R_10s_lowfps\img124.png,1010.2295926348944,253.0300241609723,926.6280853083831,688.8251155438506,1273.4854029396536,815.1167542711337,1392.662019766808,724.4002250444937,1230.795271538882,519.8433454157957,1131.184964937081,398.8879731136092
labeled-data\OC12_R_10s_lowfps\img125.png,995.305717896132,269.1373391241094,938.6591973835694,690.2098082674909,1272.8736684076885,812.9439360447097,1393.7195788344884,722.3095032246097,1233.2211040488946,512.7173773281284,1133.1455844767008,397.5361189525845
labeled-data\OC12_R_10s_lowfps\img126.png,898.8616199846736,569.8731692159272,922.7037847173161,597.9227747837419,1259.2990515310935,820.9171390478695,1391.1321976998229,745.1832040147696,1245.274248747186,467.49210889340316,1047.524529494092,477.3094708421383
labeled-data\OC12_R_10s_lowfps\img127.png,909.7881078064471,542.9575886771177,924.1549789509377,578.8747665383439,1250.2829539308718,824.5482631091315,1393.9516653757769,758.4606558444752,1245.9728925875247,472.5599200691143,1059.2035677091483,455.31967469572567
labeled-data\OC12_R_10s_lowfps\img128.png,889.4319035848858,533.5386679547895,921.3742470961364,577.9801893617469,1261.629645368153,826.5749497319141,1390.7878169571227,752.9686799016412,1229.6873018569026,473.8203735641907,1047.7548235971713,450.21081531674463
labeled-data\OC12_R_10s_lowfps\img129.png,917.7793172881077,347.23592432024816,907.5172664706145,663.6491578596224,1271.8200704916235,831.2626545453448,1386.4129712869644,740.6145389908214,1218.7994746012419,501.16668658264643,1099.0755483971543,417.35993823978515
labeled-data\OC12_R_10s_lowfps\img130.png,965.5336510433863,270.23825193581024,906.6842102886684,654.4904827460261,1275.3586479579299,818.9227436783258,1398.250127181017,742.7646438781028,1230.3561344396162,509.09774676378237,1119.5807165483827,398.32232887254895
labeled-data\OC12_R_10s_lowfps\img131.png,998.400622436711,253.6777648085723,918.6165980143071,646.0849053350894,1276.830585216937,815.4224265581507,1402.2054807378572,738.894892928498,1232.867959514796,501.1710650576619,1122.147272561256,370.9114333476148
labeled-data\OC12_R_10s_lowfps\img132.png,994.9794565144919,258.14709318060704,916.4131954557638,642.0504142630282,1284.2461449579905,815.2533079606786,1407.4523270728141,733.1158532174629,1248.5342081131141,509.91624793698554,1141.398397578485,388.4956626644058
labeled-data\OC12_R_10s_lowfps\img133.png,903.8353281543882,537.6262480364135,942.7490248543224,571.675732648856,1265.408426657944,811.6435289651172,1395.1207489910582,745.1659637693962,1247.5729823371407,463.0416626948727,1057.8687109249613,461.42025866570873
labeled-data\OC12_R_10s_lowfps\img134.png,910.0906228024961,535.9325991694942,939.0501302094619,564.8921065764602,1240.5697073290476,813.6031701892257,1388.7742452352845,747.1666531967746,1255.9012112503824,466.08908130563555,1063.4056620158447,452.46107782000445
labeled-data\OC12_R_10s_lowfps\img135.png,884.979168949023,525.8101122431191,921.265780639679,605.3615301803266,1250.6365636779412,817.4986446795463,1381.8266213287745,735.1559489199807,1229.701980010255,476.9627503518514,1038.4994491787215,451.841249950628
labeled-data\OC12_R_10s_lowfps\img136.png,918.842684676551,355.22281005783134,903.3264638405014,684.5114966895535,1261.923567606984,820.7094351393234,1379.1572361460267,727.6121101230251,1206.7547824121407,506.93696934365096,1087.7970893357594,425.90781608872453
labeled-data\OC12_R_10s_lowfps\img137.png,995.0994506747006,268.06379178125553,908.8982238077575,676.0829322847857,1265.1966281911218,814.0048952718944,1389.7095114433728,735.465999682013,1232.63172026361,534.3298036591461,1138.7681621196057,413.6480860454259
labeled-data\OC12_R_10s_lowfps\img138.png,1024.636660232437,246.9557110410817,912.1440591710765,662.9997752838915,1267.4778307775964,818.3467005591037,1381.7560286812009,721.9244710779376,1238.9082813016953,527.2944152733612,1140.7004549782855,379.08987736712425
labeled-data\OC12_R_10s_lowfps\img139.png,931.8131985663049,384.31038785899955,918.5135807068339,598.5820089282579,1265.781380370804,824.6755125392683,1391.388882376921,744.8778053824411,1240.6206584113563,488.9956206584112,1074.8097251585625,410.1674720628208
labeled-data\OC12_R_10s_lowfps\img140.png,924.9601223546601,520.8977369304572,943.9996473047158,558.9767868305687,1253.8246442192594,822.0684043222482,1397.4865142969527,754.5646340447777,1262.478973742012,465.5100279848406,1080.738053764207,443.00877122568374
labeled-data\OC12_R_10s_lowfps\img141.png,915.6550283,543.3951625239755,931.834861755581,580.1675112866595,1255.4315308672003,818.4523312688519,1393.6955622148923,752.2621034960207,1245.1352732136488,468.37957104810016,1061.2735294002287,458.08331339454855
labeled-data\OC12_R_10s_lowfps\img142.png,868.1244688248477,488.39905343755424,903.0428070731713,636.0083923963766,1263.3365699081464,824.8848583759452,1396.6611341290184,761.3969706517205,1214.1334569218723,488.39905343755424,1022.0825965560925,453.48071518923064
labeled-data\OC12_R_10s_lowfps\img143.png,931.220910620639,344.88331496350213,890.035880006433,671.4217719761361,1259.2302615837805,833.2201065319458,1384.256247376906,747.908257402519,1215.1034430685595,533.1577406284443,1093.0192451764487,424.31158829089964
labeled-data\OC12_R_10s_lowfps\img144.png,992.3007533896013,270.13344219012754,895.98114441661,665.5507842897761,1271.1206741008918,831.1529190152698,1387.7180954892497,748.351851652523,1228.8752315688782,525.2959150834904,1124.106534089484,405.3188582925716
labeled-data\OC12_R_10s_lowfps\img145.png,1032.2234149259114,243.6628241747644,912.9783844266401,669.5379331007327,1269.0099754887497,814.3354701355621,1405.2900103450595,737.6779505288878,1228.1259650318566,511.11239258027257,1142.9509432466632,381.6463594667782
labeled-data\OC12_R_10s_lowfps\img146.png,940.5138167796117,333.72176118501943,915.3923163783883,658.8235310832044,1270.0487926309538,821.374416032297,1397.1340299547896,731.2325616514365,1233.1054096879782,496.27264613411194,1101.586966410985,409.08626238868953
labeled-data\OC12_R_10s_lowfps\img147.png,900.0712900109382,554.7671567578886,929.8107132800336,584.506580026984,1268.5815348671194,843.1102606278131,1410.8135591975756,779.7523588806099,1236.256074792016,473.30699736862755,1043.5963327443983,472.0139789656234
labeled-data\OC12_R_10s_lowfps\img148.png,898.1259438236184,573.260193295077,925.3080640289945,592.2876774388401,1237.9024463908188,820.6174871639987,1390.1223195409245,755.3803986710964,1218.8749622470555,480.8409845967984,1036.754756871036,475.40456055572326
labeled-data\OC12_R_10s_lowfps\img149.png,855.6556837029786,553.3430577591091,910.5781796782023,617.4193030635367,1262.997528852554,834.0580371880302,1389.6243945732087,754.725543001596,1203.4981582127284,486.2155626782802,1003.6412978584424,487.7411875664809
labeled-data\OC12_R_10s_lowfps\img150.png,891.136416542937,403.7187993291079,894.6528792897313,690.3105131928467,1244.5409225957685,830.9690230646204,1393.990589334528,755.365074008542,1181.2445931534703,514.4873758531297,1040.5860832816966,438.88342679705136
labeled-data\OC12_R_10s_lowfps\img151.png,936.7109572979191,320.2678020812531,899.2134236107988,670.2447831610416,1261.689582586294,825.5917084362538,1390.252555227849,741.6686568507944,1197.4080962655166,522.0402452548046,1090.2722857308875,425.6180157736384
labeled-data\OC12_R_10s_lowfps\img152.png,954.1639315640709,306.11684448596293,897.8731621465149,650.4839044521884,1263.7631633606295,819.3562127048568,1379.6559239261865,731.6088368480782,1209.1280048082958,504.7901483126315,1101.5132985688501,410.42032899496394
labeled-data\OC12_R_10s_lowfps\img153.png,915.9900603144057,372.59112582542207,911.4747579547087,614.9123524624952,1265.1734427976414,831.646865727952,1385.5815057228951,753.3816248265371,1227.5459231334996,486.97878560441313,1083.0562476231953,414.73394784926086
labeled-data\OC12_R_10s_lowfps\img154.png,917.0620649289535,521.4803477622023,946.514150775159,555.1398744435801,1259.2672528562937,842.6483315136816,1399.5152806953677,772.5243175941447,1253.6573317427308,475.19849857530795,1065.7249744383719,451.3563338426654
labeled-data\OC12_R_10s_lowfps\img155.png,912.219745216539,531.7675748110345,943.9773718130746,567.8557868525523,1270.2148086683956,846.4567838130697,1387.1406156829132,755.5144894684449,1248.561881443485,475.46996402626667,1062.346707309253,455.2605652830167
labeled-data\OC12_R_10s_lowfps\img156.png,866.0581809479602,516.4754771648388,903.2341703761324,639.8321693583189,1246.2671637360838,827.4019342004598,1376.383126734686,736.1517783313102,1202.3319035027894,497.8874824507527,1011.3825032580874,453.9522222174585
labeled-data\OC12_R_10s_lowfps\img157.png,897.5594820391764,374.60686626066627,886.0180955531024,720.8484608428873,1256.991232605482,851.1012511857228,1364.1612499761695,738.9849253210036,1186.0941441910272,544.4301245557557,1054.1925843501813,432.3137986910365
labeled-data\OC12_R_10s_lowfps\img158.png,957.1847440977476,303.42271407801036,904.3557064892925,724.0983839231153,1254.5926595231242,845.4095073203084,1368.0772588301757,739.7514321033984,1182.1973116893155,544.0883298498611,1078.4958674949407,422.777206452668
labeled-data\OC12_R_10s_lowfps\img159.png,969.8977933945417,287.58111781737375,931.5382474387521,722.3226386496563,1260.3343556312345,848.3611467901079,1384.5462187261724,760.6821846054459,1172.6553934465726,526.8716187796805,1084.9764312619106,413.6196259578254
labeled-data\OC12_R_10s_lowfps\img160.png,869.5827643976347,429.3068809741667,888.8754199345219,646.3492557641482,1247.3972686616764,840.8835324277612,1387.269021304109,770.1437954591747,1202.3810724089394,500.0466179427533,1019.1008448085107,446.9918152163134
labeled-data\OC12_R_10s_lowfps\img161.png,880.9305128261499,557.034659506522,900.3873611761169,595.9483562064562,1219.8039549214107,834.2947484935536,1377.0801457503117,775.9242034436522,1219.8039549214107,487.31428625247304,1028.4782794800672,472.7216499899977
labeled-data\OC12_R_10s_lowfps\img162.png,878.2492647126567,559.7331683894901,898.6502217378331,596.163448791591,1230.8943790049934,838.060510661541,1367.8722333168928,765.1999498573391,1219.2366892763212,485.41539636920425,1028.3420199693123,481.04376272095215
labeled-data\OC12_R_10s_lowfps\img163.png,860.1825171871112,444.6512466658594,879.2288835043787,650.9868817695897,1250.633026691093,847.7993337146861,1369.6728161740143,762.0906852869829,1176.034758615129,500.20314842455605,1025.2510252700954,449.4128382451763
labeled-data\OC12_R_10s_lowfps\img164.png,928.2501221640141,317.44724320722923,884.9784745502511,651.50436278548,1232.882521364906,831.5144168587343,1357.5048664925437,738.0476580130062,1206.9195327966484,518.2276881350898,1080.56632176446,398.7979407211038
